_id,uuid,name
4a505901-de54-4aee-95af-fac9c0e3b909,4a505901-de54-4aee-95af-fac9c0e3b909,Subject C
368a555c-7a4f-4875-9642-938856bc9793,368a555c-7a4f-4875-9642-938856bc9793,Subject A
ffb9cbb8-009e-4174-bbd6-46bece321291,ffb9cbb8-009e-4174-bbd6-46bece321291,Subject C
64b9eabb-0ca6-442a-9640-dcd1d5c2da15,64b9eabb-0ca6-442a-9640-dcd1d5c2da15,Subject B
bd8099a9-d92a-4427-adb6-8604f32b4e80,bd8099a9-d92a-4427-adb6-8604f32b4e80,Subject B
26083aa6-f911-407e-b1d5-981adc7f5457,26083aa6-f911-407e-b1d5-981adc7f5457,Subject C
cd92c5bc-2806-4a3e-8662-ddc36e659600,cd92c5bc-2806-4a3e-8662-ddc36e659600,Subject B
bc554f45-9302-4cb2-bc91-51d0dec1ff8a,bc554f45-9302-4cb2-bc91-51d0dec1ff8a,Subject C
b937ee1d-a8a2-43a9-9c0d-ab98b8c4102b,b937ee1d-a8a2-43a9-9c0d-ab98b8c4102b,Subject A
82925c90-b065-48ce-a44d-b91875f7b14b,82925c90-b065-48ce-a44d-b91875f7b14b,Subject C
b0769349-26c4-451c-9951-4c6fdd177ba3,b0769349-26c4-451c-9951-4c6fdd177ba3,Subject B
eb1c8a1c-6e4b-4b74-97ee-f61bb4305d6f,eb1c8a1c-6e4b-4b74-97ee-f61bb4305d6f,Subject B
21627dcc-538d-4e8e-a15a-94661f127024,21627dcc-538d-4e8e-a15a-94661f127024,Subject C
a16616e0-3191-4c04-8194-32c0d32bab89,a16616e0-3191-4c04-8194-32c0d32bab89,Subject A
20a0b4e7-a7db-4b30-921a-6d98ea96d470,20a0b4e7-a7db-4b30-921a-6d98ea96d470,Subject A
7de6ff6e-81c1-45c2-b929-a629be54a6c7,7de6ff6e-81c1-45c2-b929-a629be54a6c7,Subject A
e94cde70-2cd6-404b-89f2-c9a9b113f430,e94cde70-2cd6-404b-89f2-c9a9b113f430,Subject B
4f028257-12a4-462e-9a85-2c2bf2145d57,4f028257-12a4-462e-9a85-2c2bf2145d57,Subject B
ba71f8a1-f68a-4f79-beaa-76d6c854776e,ba71f8a1-f68a-4f79-beaa-76d6c854776e,Subject B
b647f3c3-2b29-4413-8b27-cd16d986a1c0,b647f3c3-2b29-4413-8b27-cd16d986a1c0,Subject A
7012f2f6-9d66-4690-98ed-25f1362622e3,7012f2f6-9d66-4690-98ed-25f1362622e3,Subject C
9cee6390-eb79-4f86-87d2-bf2f29fe3566,9cee6390-eb79-4f86-87d2-bf2f29fe3566,Subject A
66512cd8-7468-469e-8061-9196cd445b0b,66512cd8-7468-469e-8061-9196cd445b0b,Subject C
8bd8aa90-e18a-4213-9b33-812034d0bbf8,8bd8aa90-e18a-4213-9b33-812034d0bbf8,Subject C
89b4d2f9-4194-4dbd-8c0e-064c14ceb6c8,89b4d2f9-4194-4dbd-8c0e-064c14ceb6c8,Subject B
5817a5d2-ff61-4f60-ab30-7d01a2900d96,5817a5d2-ff61-4f60-ab30-7d01a2900d96,Subject A
8efd6fdc-5b84-48d2-a647-ef6a5f3627f8,8efd6fdc-5b84-48d2-a647-ef6a5f3627f8,Subject A
352fb61f-e8c5-492c-b6d4-09f26de291fb,352fb61f-e8c5-492c-b6d4-09f26de291fb,Subject A
9acee74c-13c5-44f8-a04a-67153c3103a7,9acee74c-13c5-44f8-a04a-67153c3103a7,Subject C
c020dfba-0a22-4976-8312-873001717bce,c020dfba-0a22-4976-8312-873001717bce,Subject B
